{
  "product_name": "Compose",
  "product_version": "2021.2.0.207",
  "created_on": "03/29/2021 05:07:23",
  "objects": [
    {
      "id": 6,
      "path": "/",
      "name": "customers",
      "type": "Entity",
      "creation_time": 0,
      "modification_time": 0,
      "inner_item": {
        "$type": "EntityDto",
        "time_model_entity_id": 0,
        "is_reference_entity": false,
        "save_history": true,
        "use_backdating": false,
        "use_precurse_rows": false,
        "id": 6,
        "name": "customers",
        "version": 637525756715150000,
        "metadata": {
          "creation_time": 637525756715150000,
          "modification_time": 637525756715150000,
          "tags": [],
          "caller_role": "NONE"
        }
      },
      "tags": [],
      "software_version": 1
    },
    {
      "id": 18,
      "path": "/",
      "name": "shippers",
      "type": "Entity",
      "creation_time": 0,
      "modification_time": 0,
      "inner_item": {
        "$type": "EntityDto",
        "time_model_entity_id": 0,
        "is_reference_entity": false,
        "save_history": true,
        "use_backdating": false,
        "use_precurse_rows": false,
        "id": 18,
        "name": "shippers",
        "version": 637525756718280000,
        "metadata": {
          "creation_time": 637525756718280000,
          "modification_time": 637525756718280000,
          "tags": [],
          "caller_role": "NONE"
        }
      },
      "tags": [],
      "software_version": 1
    },
    {
      "id": 3,
      "path": "/",
      "name": "Data Lake",
      "type": "Database",
      "creation_time": 0,
      "modification_time": 0,
      "inner_item": {
        "$type": "DatabaseDto",
        "usage": "DATA_WAREHOUSE",
        "dbms": "Databricks Delta",
        "server_name": "adb-6499926744070072.12.azuredatabricks.net",
        "database_name": "",
        "user_name": "token",
        "password": "",
        "included_schemas": "borxu_storage",
        "templateDatabaseType": "DATABRICKSDELTA",
        "dma_schema": "curatedzone",
        "original_sourcedb_id": 0,
        "has_source_definition": false,
        "landing_zone": {
          "landing_type": "DATABASE",
          "replicate_task_type": "FULL_LOAD_AND_CDC",
          "associate_with_replicate_task": false,
          "archive_settings": {
            "ct_post_processing": "DO_NOTHING"
          }
        },
        "display_name": "Databricks Delta",
        "port": 443,
        "jdbc_connection_string": "UseNativeQuery=1;spark.sql.crossJoin.enabled=true;",
        "db_settings": {
          "$type": "DatabricksDbSettings",
          "authentication_type": "DATABRICKS_DELTA",
          "authentication_settings": {
            "$type": "DatabricksConfiguration",
            "gateway_path": "sql/protocolv1/o/6499926744070072/0323-073352-ahem162"
          },
          "ssl_configuration": {
            "use_ssl": false,
            "allow_self_signed_certs": false
          },
          "is_glue_metadata": false
        },
        "multibyte_character_multiplier": 1,
        "apply_ddl_changes": false,
        "max_table_cols_single_read": 100,
        "use_long_object_names": false,
        "use_zoo_keeper": false,
        "zoo_keeper_namespace": "hiveserver2",
        "cache_only_the_discovered_tables": true,
        "full_connection_string": {
          "enabled": false
        },
        "id": 3,
        "name": "Data Lake",
        "version": 637525756347550000,
        "metadata": {
          "creation_time": 637523192341550000,
          "modification_time": 637525756347550000,
          "tags": [],
          "caller_role": "NONE"
        }
      },
      "tags": [],
      "software_version": 5
    },
    {
      "id": 4,
      "path": "/",
      "name": "Landing",
      "type": "Database",
      "creation_time": 0,
      "modification_time": 0,
      "inner_item": {
        "$type": "DatabaseDto",
        "usage": "SOURCE",
        "dbms": "Databricks Delta",
        "server_name": "",
        "database_name": "",
        "user_name": "token",
        "included_schemas": "*",
        "templateDatabaseType": "DATABRICKSDELTA",
        "original_sourcedb_id": 0,
        "has_source_definition": false,
        "landing_zone": {
          "landing_type": "DATABASE",
          "schema_name": "borxu_landing_source",
          "replicate_task_type": "FULL_LOAD_AND_CDC",
          "replicate_task_name": "Northwind-Databricks",
          "associate_with_replicate_task": true,
          "archive_settings": {
            "ct_post_processing": "DELETE"
          },
          "task_uuid": "37cd6653-f6d4-444a-9303-37db69bc3158"
        },
        "port": 443,
        "jdbc_connection_string": "UseNativeQuery=1;spark.sql.crossJoin.enabled=true;",
        "db_settings": {
          "$type": "DatabricksDbSettings",
          "authentication_type": "DATABRICKS_DELTA",
          "authentication_settings": {
            "$type": "DatabricksConfiguration"
          },
          "ssl_configuration": {
            "use_ssl": false,
            "allow_self_signed_certs": false
          },
          "is_glue_metadata": false
        },
        "multibyte_character_multiplier": 1,
        "apply_ddl_changes": false,
        "max_table_cols_single_read": 100,
        "use_long_object_names": false,
        "use_zoo_keeper": false,
        "zoo_keeper_namespace": "hiveserver2",
        "cache_only_the_discovered_tables": true,
        "full_connection_string": {
          "enabled": false
        },
        "id": 4,
        "name": "Landing",
        "version": 637525756569800000,
        "metadata": {
          "creation_time": 637525756569800000,
          "modification_time": 637525756569800000,
          "tags": [],
          "caller_role": "NONE"
        }
      },
      "tags": [],
      "software_version": 5
    },
    {
      "id": 5,
      "path": "/",
      "name": "Landing_Landing",
      "type": "Database",
      "creation_time": 0,
      "modification_time": 0,
      "inner_item": {
        "$type": "DatabaseDto",
        "usage": "SOURCE",
        "dbms": "Databricks Delta",
        "server_name": "adb-6499926744070072.12.azuredatabricks.net",
        "user_name": "token",
        "password": "",
        "included_schemas": "borxu_landing_source",
        "templateDatabaseType": "SQLSERVER",
        "original_sourcedb_id": 4,
        "has_source_definition": true,
        "port": 443,
        "jdbc_connection_string": "UseNativeQuery=1;spark.sql.crossJoin.enabled=true;",
        "db_settings": {
          "$type": "DatabricksDbSettings",
          "authentication_type": "DATABRICKS_DELTA",
          "authentication_settings": {
            "$type": "DatabricksConfiguration",
            "gateway_path": "sql/protocolv1/o/6499926744070072/0323-073352-ahem162"
          },
          "ssl_configuration": {
            "use_ssl": false,
            "allow_self_signed_certs": false
          },
          "is_glue_metadata": false
        },
        "multibyte_character_multiplier": 1,
        "apply_ddl_changes": false,
        "max_table_cols_single_read": 100,
        "original_sourcedb_name": "Landing",
        "use_long_object_names": false,
        "use_zoo_keeper": false,
        "zoo_keeper_namespace": "hiveserver2",
        "cache_only_the_discovered_tables": true,
        "id": 5,
        "name": "Landing_Landing",
        "version": 637525756570740000,
        "metadata": {
          "creation_time": 637525756570740000,
          "modification_time": 637525756570740000,
          "tags": [],
          "caller_role": "NONE"
        }
      },
      "tags": [],
      "software_version": 5
    },
    {
      "id": 38,
      "path": "/",
      "name": "VersionControl",
      "type": "VersionControl",
      "creation_time": 0,
      "modification_time": 0,
      "inner_item": {
        "$type": "VersionControlDto",
        "type": "Git",
        "use_remote_server": true,
        "remote_url": "https://github.com/TonyMou-cn/hello-world.git",
        "user_name": "tony.mou@qlik.com",
        "password": "",
        "name": "VersionControl",
        "version": 637525912352910000,
        "metadata": {
          "creation_time": 637525873114660000,
          "modification_time": 637525912352910000,
          "tags": [],
          "caller_role": "NONE"
        }
      },
      "tags": [],
      "software_version": 1
    },
    {
      "id": 1,
      "path": "/",
      "name": "settings",
      "type": "ACProjectSettings",
      "creation_time": 0,
      "modification_time": 0,
      "inner_item": {
        "$type": "ACProjectSettings",
        "from_date_col_name": "FD",
        "to_date_col_name": "TD",
        "lowest_date": "1780-01-01",
        "highest_date": "9999-12-31",
        "map_name_prefix": "Map",
        "stop_after_staging": false,
        "use_datetime2": false,
        "dwh_key_name": "ID",
        "naming_conv": {
          "dwh_prefix": "",
          "hub_suffix": "_HUB",
          "sat_suffix": "_S",
          "lnk_suffix": "_L",
          "dma_prefix": "TDMA_",
          "dwh_view_prefix": "",
          "replicate_change_table_suffix": "__ct",
          "error_mart_suffix": "__ex",
          "dma_view_prefix": "VDMA_",
          "ct_archive_suffix": "__ar",
          "control_table_prefix": "qlik_cmps_",
          "column_prefix": "header__",
          "from_date_suffix": "from_date",
          "to_date_suffix": "to_date",
          "soft_delete_suffix": "deleted",
          "created_batch_suffix": "created_batch",
          "modified_batch_suffix": "modified_batch",
          "dropped_column_suffix": "__dropped",
          "provisioning_table_prefix": "",
          "store_suffix": "store",
          "change_oper_suffix": "change_oper",
          "timestamp_suffix": "timestamp",
          "app_timestamp_suffix": "app_timestamp",
          "archive_timestamp_suffix": "archive_timestamp",
          "dl_naming_conventions": {
            "views_database_suffix": "_v",
            "internal_views_database_suffix": "_v_internal",
            "ods_view_suffix": "",
            "ods_live_view_suffix": "_live",
            "hds_view_suffix": "_history",
            "hds_live_view_suffix": "_live_history"
          }
        },
        "create_ddl_scripts_only": false,
        "ignore_data_type_check": false,
        "write_tdwm_to_db": false,
        "hide_default_workflows": false,
        "environment": {
          "environment_type": "OTHER"
        },
        "support_backdating": false,
        "use_precurse_rows": false,
        "project_type": "DL",
        "dwh_type": "MSACCESS",
        "datalakes_project_settings": {
          "public_views_info": {
            "include_store_type": true,
            "include_store_op": true,
            "include_soft_delete": true,
            "include_created_batch": true,
            "include_modified_batch": true,
            "include_timestamp": true,
            "include_app_timestamp": true,
            "include_from_date": true,
            "include_to_date": true,
            "include_archive_timestamp": true
          },
          "merge_load_into_table": true,
          "can_drop_views_db": false,
          "truncate_tables_on_full_load": true,
          "db_location": "",
          "datalake_deployment_type": "Azure",
          "datalake_storage_type": "DATABRICKSDELTA",
          "datalake_compute_type": "DATABRICKS",
          "use_buckets": true,
          "number_of_buckets": 10,
          "default_save_history": true
        },
        "delete_type": "SOFTDELETE",
        "skip_lookup_check_on_generate": false,
        "use_utc": true,
        "name": "settings",
        "version": 637521536925200000,
        "metadata": {
          "creation_time": 637521536919560000,
          "modification_time": 637521536925200000,
          "tags": [],
          "caller_role": "NONE"
        }
      },
      "tags": [],
      "software_version": 2
    },
    {
      "id": 7,
      "path": "/",
      "name": "CustomerID",
      "type": "DomainAttribute",
      "creation_time": 0,
      "modification_time": 0,
      "inner_item": {
        "$type": "DomainAttributeDto",
        "type": "String",
        "length": 0,
        "scale": 0,
        "time_model_entity_id": 0,
        "is_reference_entity": false,
        "save_history": true,
        "use_backdating": false,
        "use_precurse_rows": false,
        "id": 7,
        "name": "CustomerID",
        "version": 637525756715310000,
        "metadata": {
          "creation_time": 637525756715310000,
          "modification_time": 637525756715310000,
          "tags": [],
          "caller_role": "NONE"
        }
      },
      "tags": [],
      "software_version": 2
    },
    {
      "id": 8,
      "path": "/",
      "name": "CompanyName",
      "type": "DomainAttribute",
      "creation_time": 0,
      "modification_time": 0,
      "inner_item": {
        "$type": "DomainAttributeDto",
        "type": "String",
        "length": 0,
        "scale": 0,
        "time_model_entity_id": 0,
        "is_reference_entity": false,
        "save_history": true,
        "use_backdating": false,
        "use_precurse_rows": false,
        "id": 8,
        "name": "CompanyName",
        "version": 637525756715310000,
        "metadata": {
          "creation_time": 637525756715310000,
          "modification_time": 637525756715310000,
          "tags": [],
          "caller_role": "NONE"
        }
      },
      "tags": [],
      "software_version": 2
    },
    {
      "id": 9,
      "path": "/",
      "name": "ContactName",
      "type": "DomainAttribute",
      "creation_time": 0,
      "modification_time": 0,
      "inner_item": {
        "$type": "DomainAttributeDto",
        "type": "String",
        "length": 0,
        "scale": 0,
        "time_model_entity_id": 0,
        "is_reference_entity": false,
        "save_history": true,
        "use_backdating": false,
        "use_precurse_rows": false,
        "id": 9,
        "name": "ContactName",
        "version": 637525756715310000,
        "metadata": {
          "creation_time": 637525756715310000,
          "modification_time": 637525756715310000,
          "tags": [],
          "caller_role": "NONE"
        }
      },
      "tags": [],
      "software_version": 2
    },
    {
      "id": 10,
      "path": "/",
      "name": "ContactTitle",
      "type": "DomainAttribute",
      "creation_time": 0,
      "modification_time": 0,
      "inner_item": {
        "$type": "DomainAttributeDto",
        "type": "String",
        "length": 0,
        "scale": 0,
        "time_model_entity_id": 0,
        "is_reference_entity": false,
        "save_history": true,
        "use_backdating": false,
        "use_precurse_rows": false,
        "id": 10,
        "name": "ContactTitle",
        "version": 637525756715310000,
        "metadata": {
          "creation_time": 637525756715310000,
          "modification_time": 637525756715310000,
          "tags": [],
          "caller_role": "NONE"
        }
      },
      "tags": [],
      "software_version": 2
    },
    {
      "id": 11,
      "path": "/",
      "name": "Address",
      "type": "DomainAttribute",
      "creation_time": 0,
      "modification_time": 0,
      "inner_item": {
        "$type": "DomainAttributeDto",
        "type": "String",
        "length": 0,
        "scale": 0,
        "time_model_entity_id": 0,
        "is_reference_entity": false,
        "save_history": true,
        "use_backdating": false,
        "use_precurse_rows": false,
        "id": 11,
        "name": "Address",
        "version": 637525756715310000,
        "metadata": {
          "creation_time": 637525756715310000,
          "modification_time": 637525756715310000,
          "tags": [],
          "caller_role": "NONE"
        }
      },
      "tags": [],
      "software_version": 2
    },
    {
      "id": 12,
      "path": "/",
      "name": "City",
      "type": "DomainAttribute",
      "creation_time": 0,
      "modification_time": 0,
      "inner_item": {
        "$type": "DomainAttributeDto",
        "type": "String",
        "length": 0,
        "scale": 0,
        "time_model_entity_id": 0,
        "is_reference_entity": false,
        "save_history": true,
        "use_backdating": false,
        "use_precurse_rows": false,
        "id": 12,
        "name": "City",
        "version": 637525756715310000,
        "metadata": {
          "creation_time": 637525756715310000,
          "modification_time": 637525756715310000,
          "tags": [],
          "caller_role": "NONE"
        }
      },
      "tags": [],
      "software_version": 2
    },
    {
      "id": 13,
      "path": "/",
      "name": "Region",
      "type": "DomainAttribute",
      "creation_time": 0,
      "modification_time": 0,
      "inner_item": {
        "$type": "DomainAttributeDto",
        "type": "String",
        "length": 0,
        "scale": 0,
        "time_model_entity_id": 0,
        "is_reference_entity": false,
        "save_history": true,
        "use_backdating": false,
        "use_precurse_rows": false,
        "id": 13,
        "name": "Region",
        "version": 637525756715310000,
        "metadata": {
          "creation_time": 637525756715310000,
          "modification_time": 637525756715310000,
          "tags": [],
          "caller_role": "NONE"
        }
      },
      "tags": [],
      "software_version": 2
    },
    {
      "id": 14,
      "path": "/",
      "name": "PostalCode",
      "type": "DomainAttribute",
      "creation_time": 0,
      "modification_time": 0,
      "inner_item": {
        "$type": "DomainAttributeDto",
        "type": "String",
        "length": 0,
        "scale": 0,
        "time_model_entity_id": 0,
        "is_reference_entity": false,
        "save_history": true,
        "use_backdating": false,
        "use_precurse_rows": false,
        "id": 14,
        "name": "PostalCode",
        "version": 637525756715310000,
        "metadata": {
          "creation_time": 637525756715310000,
          "modification_time": 637525756715310000,
          "tags": [],
          "caller_role": "NONE"
        }
      },
      "tags": [],
      "software_version": 2
    },
    {
      "id": 15,
      "path": "/",
      "name": "Country",
      "type": "DomainAttribute",
      "creation_time": 0,
      "modification_time": 0,
      "inner_item": {
        "$type": "DomainAttributeDto",
        "type": "String",
        "length": 0,
        "scale": 0,
        "time_model_entity_id": 0,
        "is_reference_entity": false,
        "save_history": true,
        "use_backdating": false,
        "use_precurse_rows": false,
        "id": 15,
        "name": "Country",
        "version": 637525756715310000,
        "metadata": {
          "creation_time": 637525756715310000,
          "modification_time": 637525756715310000,
          "tags": [],
          "caller_role": "NONE"
        }
      },
      "tags": [],
      "software_version": 2
    },
    {
      "id": 16,
      "path": "/",
      "name": "Phone",
      "type": "DomainAttribute",
      "creation_time": 0,
      "modification_time": 0,
      "inner_item": {
        "$type": "DomainAttributeDto",
        "type": "String",
        "length": 0,
        "scale": 0,
        "time_model_entity_id": 0,
        "is_reference_entity": false,
        "save_history": true,
        "use_backdating": false,
        "use_precurse_rows": false,
        "id": 16,
        "name": "Phone",
        "version": 637525756715310000,
        "metadata": {
          "creation_time": 637525756715310000,
          "modification_time": 637525756715310000,
          "tags": [],
          "caller_role": "NONE"
        }
      },
      "tags": [],
      "software_version": 2
    },
    {
      "id": 17,
      "path": "/",
      "name": "Fax",
      "type": "DomainAttribute",
      "creation_time": 0,
      "modification_time": 0,
      "inner_item": {
        "$type": "DomainAttributeDto",
        "type": "String",
        "length": 0,
        "scale": 0,
        "time_model_entity_id": 0,
        "is_reference_entity": false,
        "save_history": true,
        "use_backdating": false,
        "use_precurse_rows": false,
        "id": 17,
        "name": "Fax",
        "version": 637525756715310000,
        "metadata": {
          "creation_time": 637525756715310000,
          "modification_time": 637525756715310000,
          "tags": [],
          "caller_role": "NONE"
        }
      },
      "tags": [],
      "software_version": 2
    },
    {
      "id": 19,
      "path": "/",
      "name": "ShipperID",
      "type": "DomainAttribute",
      "creation_time": 0,
      "modification_time": 0,
      "inner_item": {
        "$type": "DomainAttributeDto",
        "type": "Integer",
        "length": 0,
        "scale": 0,
        "time_model_entity_id": 0,
        "is_reference_entity": false,
        "save_history": true,
        "use_backdating": false,
        "use_precurse_rows": false,
        "id": 19,
        "name": "ShipperID",
        "version": 637525756718280000,
        "metadata": {
          "creation_time": 637525756718280000,
          "modification_time": 637525756718280000,
          "tags": [],
          "caller_role": "NONE"
        }
      },
      "tags": [],
      "software_version": 2
    },
    {
      "id": 2,
      "path": "/",
      "name": "Databricks Azure project",
      "type": "ExecutionServiceDto",
      "creation_time": 0,
      "modification_time": 0,
      "inner_item": {
        "$type": "ExecutionServiceDto",
        "max_runtime_instances_to_keep": 100,
        "name": "Databricks Azure project",
        "version": 637525735124360000,
        "metadata": {
          "creation_time": 637521536919560000,
          "modification_time": 637525735124360000,
          "tags": [],
          "caller_role": "NONE"
        }
      },
      "tags": [],
      "software_version": 1
    },
    {
      "id": 20,
      "path": "/",
      "name": "13a4a572-38f9-4e06-b08f-7efba6e6fdb9",
      "type": "TableColumn",
      "creation_time": 0,
      "modification_time": 0,
      "inner_item": {
        "$type": "TableColumnDto",
        "poe": 6,
        "pbe": 7,
        "prefix": "",
        "is_primary": true,
        "history_type": "N",
        "block": 0,
        "ordinal": 100,
        "time_model_role_id": 0,
        "id": 20,
        "name": "13a4a572-38f9-4e06-b08f-7efba6e6fdb9",
        "version": 637525756718590000,
        "metadata": {
          "creation_time": 637525756718590000,
          "modification_time": 637525756718590000,
          "tags": [],
          "caller_role": "NONE"
        }
      },
      "tags": [],
      "software_version": 1
    },
    {
      "id": 21,
      "path": "/",
      "name": "ddd047b5-9437-4e43-a0c2-65160201ba8d",
      "type": "TableColumn",
      "creation_time": 0,
      "modification_time": 0,
      "inner_item": {
        "$type": "TableColumnDto",
        "poe": 18,
        "pbe": 19,
        "prefix": "",
        "is_primary": true,
        "history_type": "N",
        "block": 0,
        "ordinal": 100,
        "time_model_role_id": 0,
        "id": 21,
        "name": "ddd047b5-9437-4e43-a0c2-65160201ba8d",
        "version": 637525756718590000,
        "metadata": {
          "creation_time": 637525756718590000,
          "modification_time": 637525756718590000,
          "tags": [],
          "caller_role": "NONE"
        }
      },
      "tags": [],
      "software_version": 1
    },
    {
      "id": 22,
      "path": "/",
      "name": "13641dd0-7dac-4939-9b3a-2a9a0f29fe55",
      "type": "TableColumn",
      "creation_time": 0,
      "modification_time": 0,
      "inner_item": {
        "$type": "TableColumnDto",
        "poe": 6,
        "pbe": 8,
        "prefix": "",
        "is_primary": false,
        "history_type": "N",
        "block": 0,
        "ordinal": 200,
        "time_model_role_id": 0,
        "id": 22,
        "name": "13641dd0-7dac-4939-9b3a-2a9a0f29fe55",
        "version": 637525756718590000,
        "metadata": {
          "creation_time": 637525756718590000,
          "modification_time": 637525756718590000,
          "tags": [],
          "caller_role": "NONE"
        }
      },
      "tags": [],
      "software_version": 1
    },
    {
      "id": 23,
      "path": "/",
      "name": "e24ffd4a-8eba-4b6a-8e21-f41e76078e20",
      "type": "TableColumn",
      "creation_time": 0,
      "modification_time": 0,
      "inner_item": {
        "$type": "TableColumnDto",
        "poe": 6,
        "pbe": 9,
        "prefix": "",
        "is_primary": false,
        "history_type": "N",
        "block": 0,
        "ordinal": 300,
        "time_model_role_id": 0,
        "id": 23,
        "name": "e24ffd4a-8eba-4b6a-8e21-f41e76078e20",
        "version": 637525756718590000,
        "metadata": {
          "creation_time": 637525756718590000,
          "modification_time": 637525756718590000,
          "tags": [],
          "caller_role": "NONE"
        }
      },
      "tags": [],
      "software_version": 1
    },
    {
      "id": 24,
      "path": "/",
      "name": "ad1aff6d-641c-484b-b0e9-217e7ce6ddb1",
      "type": "TableColumn",
      "creation_time": 0,
      "modification_time": 0,
      "inner_item": {
        "$type": "TableColumnDto",
        "poe": 6,
        "pbe": 10,
        "prefix": "",
        "is_primary": false,
        "history_type": "N",
        "block": 0,
        "ordinal": 400,
        "time_model_role_id": 0,
        "id": 24,
        "name": "ad1aff6d-641c-484b-b0e9-217e7ce6ddb1",
        "version": 637525756718590000,
        "metadata": {
          "creation_time": 637525756718590000,
          "modification_time": 637525756718590000,
          "tags": [],
          "caller_role": "NONE"
        }
      },
      "tags": [],
      "software_version": 1
    },
    {
      "id": 25,
      "path": "/",
      "name": "2fa0fa02-bb7a-4dee-8110-1fe102b1bdec",
      "type": "TableColumn",
      "creation_time": 0,
      "modification_time": 0,
      "inner_item": {
        "$type": "TableColumnDto",
        "poe": 6,
        "pbe": 11,
        "prefix": "",
        "is_primary": false,
        "history_type": "N",
        "block": 0,
        "ordinal": 500,
        "time_model_role_id": 0,
        "id": 25,
        "name": "2fa0fa02-bb7a-4dee-8110-1fe102b1bdec",
        "version": 637525756718590000,
        "metadata": {
          "creation_time": 637525756718590000,
          "modification_time": 637525756718590000,
          "tags": [],
          "caller_role": "NONE"
        }
      },
      "tags": [],
      "software_version": 1
    },
    {
      "id": 26,
      "path": "/",
      "name": "c0413440-2a4a-4976-955d-048253b5c6c7",
      "type": "TableColumn",
      "creation_time": 0,
      "modification_time": 0,
      "inner_item": {
        "$type": "TableColumnDto",
        "poe": 6,
        "pbe": 12,
        "prefix": "",
        "is_primary": false,
        "history_type": "N",
        "block": 0,
        "ordinal": 600,
        "time_model_role_id": 0,
        "id": 26,
        "name": "c0413440-2a4a-4976-955d-048253b5c6c7",
        "version": 637525756718590000,
        "metadata": {
          "creation_time": 637525756718590000,
          "modification_time": 637525756718590000,
          "tags": [],
          "caller_role": "NONE"
        }
      },
      "tags": [],
      "software_version": 1
    },
    {
      "id": 27,
      "path": "/",
      "name": "c53ff192-f4ea-4c6d-b403-56add27dd1c6",
      "type": "TableColumn",
      "creation_time": 0,
      "modification_time": 0,
      "inner_item": {
        "$type": "TableColumnDto",
        "poe": 6,
        "pbe": 13,
        "prefix": "",
        "is_primary": false,
        "history_type": "N",
        "block": 0,
        "ordinal": 700,
        "time_model_role_id": 0,
        "id": 27,
        "name": "c53ff192-f4ea-4c6d-b403-56add27dd1c6",
        "version": 637525756718590000,
        "metadata": {
          "creation_time": 637525756718590000,
          "modification_time": 637525756718590000,
          "tags": [],
          "caller_role": "NONE"
        }
      },
      "tags": [],
      "software_version": 1
    },
    {
      "id": 28,
      "path": "/",
      "name": "e8063222-20e0-41c5-9ed9-0130fe4ce053",
      "type": "TableColumn",
      "creation_time": 0,
      "modification_time": 0,
      "inner_item": {
        "$type": "TableColumnDto",
        "poe": 6,
        "pbe": 14,
        "prefix": "",
        "is_primary": false,
        "history_type": "N",
        "block": 0,
        "ordinal": 800,
        "time_model_role_id": 0,
        "id": 28,
        "name": "e8063222-20e0-41c5-9ed9-0130fe4ce053",
        "version": 637525756718590000,
        "metadata": {
          "creation_time": 637525756718590000,
          "modification_time": 637525756718590000,
          "tags": [],
          "caller_role": "NONE"
        }
      },
      "tags": [],
      "software_version": 1
    },
    {
      "id": 29,
      "path": "/",
      "name": "6ea3f8cc-0242-456d-b129-b5c0b94f088c",
      "type": "TableColumn",
      "creation_time": 0,
      "modification_time": 0,
      "inner_item": {
        "$type": "TableColumnDto",
        "poe": 6,
        "pbe": 15,
        "prefix": "",
        "is_primary": false,
        "history_type": "N",
        "block": 0,
        "ordinal": 900,
        "time_model_role_id": 0,
        "id": 29,
        "name": "6ea3f8cc-0242-456d-b129-b5c0b94f088c",
        "version": 637525756718590000,
        "metadata": {
          "creation_time": 637525756718590000,
          "modification_time": 637525756718590000,
          "tags": [],
          "caller_role": "NONE"
        }
      },
      "tags": [],
      "software_version": 1
    },
    {
      "id": 30,
      "path": "/",
      "name": "3bc308b2-12bb-4212-8b2c-81f0be8a8df1",
      "type": "TableColumn",
      "creation_time": 0,
      "modification_time": 0,
      "inner_item": {
        "$type": "TableColumnDto",
        "poe": 6,
        "pbe": 16,
        "prefix": "",
        "is_primary": false,
        "history_type": "N",
        "block": 0,
        "ordinal": 1000,
        "time_model_role_id": 0,
        "id": 30,
        "name": "3bc308b2-12bb-4212-8b2c-81f0be8a8df1",
        "version": 637525756718590000,
        "metadata": {
          "creation_time": 637525756718590000,
          "modification_time": 637525756718590000,
          "tags": [],
          "caller_role": "NONE"
        }
      },
      "tags": [],
      "software_version": 1
    },
    {
      "id": 31,
      "path": "/",
      "name": "46746c61-e3f1-40fe-bde1-f7e45abc0048",
      "type": "TableColumn",
      "creation_time": 0,
      "modification_time": 0,
      "inner_item": {
        "$type": "TableColumnDto",
        "poe": 6,
        "pbe": 17,
        "prefix": "",
        "is_primary": false,
        "history_type": "N",
        "block": 0,
        "ordinal": 1100,
        "time_model_role_id": 0,
        "id": 31,
        "name": "46746c61-e3f1-40fe-bde1-f7e45abc0048",
        "version": 637525756718590000,
        "metadata": {
          "creation_time": 637525756718590000,
          "modification_time": 637525756718590000,
          "tags": [],
          "caller_role": "NONE"
        }
      },
      "tags": [],
      "software_version": 1
    },
    {
      "id": 32,
      "path": "/",
      "name": "4bed3299-612e-465a-b1f0-7e591c453408",
      "type": "TableColumn",
      "creation_time": 0,
      "modification_time": 0,
      "inner_item": {
        "$type": "TableColumnDto",
        "poe": 18,
        "pbe": 8,
        "prefix": "",
        "is_primary": false,
        "history_type": "N",
        "block": 0,
        "ordinal": 200,
        "time_model_role_id": 0,
        "id": 32,
        "name": "4bed3299-612e-465a-b1f0-7e591c453408",
        "version": 637525756718590000,
        "metadata": {
          "creation_time": 637525756718590000,
          "modification_time": 637525756718590000,
          "tags": [],
          "caller_role": "NONE"
        }
      },
      "tags": [],
      "software_version": 1
    },
    {
      "id": 33,
      "path": "/",
      "name": "11f45f3f-1574-43d2-b5bc-0799d912a7a1",
      "type": "TableColumn",
      "creation_time": 0,
      "modification_time": 0,
      "inner_item": {
        "$type": "TableColumnDto",
        "poe": 18,
        "pbe": 16,
        "prefix": "",
        "is_primary": false,
        "history_type": "N",
        "block": 0,
        "ordinal": 300,
        "time_model_role_id": 0,
        "id": 33,
        "name": "11f45f3f-1574-43d2-b5bc-0799d912a7a1",
        "version": 637525756718590000,
        "metadata": {
          "creation_time": 637525756718590000,
          "modification_time": 637525756718590000,
          "tags": [],
          "caller_role": "NONE"
        }
      },
      "tags": [],
      "software_version": 1
    },
    {
      "id": 36,
      "path": "/",
      "name": "Map_customers_Landing",
      "type": "Mapping",
      "creation_time": 0,
      "modification_time": 0,
      "inner_item": {
        "$type": "MappingDto",
        "entity_id": 6,
        "is_active_mapping_pi": false,
        "schema": "borxu_landing_source",
        "database_id": 5,
        "table_name": "customers",
        "mapping_type": "TABLE",
        "is_aggregated": false,
        "mapping_fields": [
          {
            "mapping_type": "DIRECT",
            "source_col_name": "CustomerID",
            "staging_col_name_int": "COLID_20_7"
          },
          {
            "mapping_type": "DIRECT",
            "source_col_name": "CompanyName",
            "staging_col_name_int": "COLID_22_8"
          },
          {
            "mapping_type": "DIRECT",
            "source_col_name": "ContactName",
            "staging_col_name_int": "COLID_23_9"
          },
          {
            "mapping_type": "DIRECT",
            "source_col_name": "ContactTitle",
            "staging_col_name_int": "COLID_24_10"
          },
          {
            "mapping_type": "DIRECT",
            "source_col_name": "Address",
            "staging_col_name_int": "COLID_25_11"
          },
          {
            "mapping_type": "DIRECT",
            "source_col_name": "City",
            "staging_col_name_int": "COLID_26_12"
          },
          {
            "mapping_type": "DIRECT",
            "source_col_name": "Region",
            "staging_col_name_int": "COLID_27_13"
          },
          {
            "mapping_type": "DIRECT",
            "source_col_name": "PostalCode",
            "staging_col_name_int": "COLID_28_14"
          },
          {
            "mapping_type": "DIRECT",
            "source_col_name": "Country",
            "staging_col_name_int": "COLID_29_15"
          },
          {
            "mapping_type": "DIRECT",
            "source_col_name": "Phone",
            "staging_col_name_int": "COLID_30_16"
          },
          {
            "mapping_type": "DIRECT",
            "source_col_name": "Fax",
            "staging_col_name_int": "COLID_31_17"
          }
        ],
        "data_quality_rules": [
          {
            "action": "REJECT_AND_REPORT",
            "type": "EXPRESSION",
            "name": "Business Keys cannot be NULL",
            "enabled": false,
            "order": 0,
            "is_internal": true
          }
        ],
        "cleansing_rules": [],
        "null_behaviour": "USE_ETL_SETTING",
        "refresh_realtime_view": false,
        "id": 36,
        "name": "Map_customers_Landing",
        "version": 637525756719680000,
        "metadata": {
          "creation_time": 637525756719370000,
          "modification_time": 637525756719680000,
          "tags": [],
          "caller_role": "NONE"
        }
      },
      "tags": [],
      "software_version": 2
    },
    {
      "id": 37,
      "path": "/",
      "name": "Map_shippers_Landing",
      "type": "Mapping",
      "creation_time": 0,
      "modification_time": 0,
      "inner_item": {
        "$type": "MappingDto",
        "entity_id": 18,
        "is_active_mapping_pi": false,
        "schema": "borxu_landing_source",
        "database_id": 5,
        "table_name": "shippers",
        "mapping_type": "TABLE",
        "is_aggregated": false,
        "mapping_fields": [
          {
            "mapping_type": "DIRECT",
            "source_col_name": "ShipperID",
            "staging_col_name_int": "COLID_21_19"
          },
          {
            "mapping_type": "DIRECT",
            "source_col_name": "CompanyName",
            "staging_col_name_int": "COLID_32_8"
          },
          {
            "mapping_type": "DIRECT",
            "source_col_name": "Phone",
            "staging_col_name_int": "COLID_33_16"
          }
        ],
        "data_quality_rules": [
          {
            "action": "REJECT_AND_REPORT",
            "type": "EXPRESSION",
            "name": "Business Keys cannot be NULL",
            "enabled": false,
            "order": 0,
            "is_internal": true
          }
        ],
        "cleansing_rules": [],
        "null_behaviour": "USE_ETL_SETTING",
        "refresh_realtime_view": false,
        "id": 37,
        "name": "Map_shippers_Landing",
        "version": 637525756719850000,
        "metadata": {
          "creation_time": 637525756719840000,
          "modification_time": 637525756719850000,
          "tags": [],
          "caller_role": "NONE"
        }
      },
      "tags": [],
      "software_version": 2
    },
    {
      "id": 34,
      "path": "/",
      "name": "Landing",
      "type": "ETLInfo",
      "creation_time": 0,
      "modification_time": 0,
      "inner_item": {
        "$type": "ETLInfoDto",
        "data": {
          "seqr_processing": false,
          "FULLREBUILD": false,
          "SELOFRUNS": 0,
          "EMPTYRUNNRSTABLE": true,
          "INSERTRUNNRSTABLE": true,
          "MAXCDC_COLUMNS": 10,
          "SPLITRELSANDATTS": false,
          "STOPAFTERSTAGING": false,
          "PARAM_RUNNR": "1",
          "dm_cohorts": [],
          "engine_settings": {
            "thread_connection_settings": {
              "thread_pool_size": 10,
              "thread_pool_max": 18,
              "thread_queue_max": 10000,
              "thread_timeout": 3000
            },
            "database_connection_settings": {
              "db_pool_size": 200,
              "db_reap_interval": 30000,
              "db_lease_timeout": 60000,
              "print_db_leases": false
            },
            "engine_logging_settings": {
              "log_level": "INFO",
              "log_file": "$project-path$\\$task-name$\\$task-name$_Log.log",
              "log_file_timestamp": true,
              "log_console": true,
              "log_stack_trace": false,
              "log_jdbc_driver_output": false,
              "log_mapping_fields": false,
              "log_mapping_values": false,
              "log_sync_provider_output": false,
              "log_prep_statmt_bindings": false,
              "log_dbms_leasing": false,
              "log_table_contents": false,
              "log_sql_monitor_output": false,
              "log_param_substitution": false,
              "log_mop_ids": false,
              "log_java_env": false,
              "log_mopping_state": false,
              "log_table_cache_rows": 20,
              "print_final_log": false,
              "print_dbms_info": false,
              "create_missing_tables": false
            },
            "mopping_thread_settings": {
              "mop_direct_write": false,
              "mop_thread_pool_size": 18,
              "mop_thread_pool_max": 18,
              "mop_thread_queue_max": 2500,
              "mop_thread_timeout": 3000,
              "mop_write_queue_max": 100,
              "mop_no_id_ledelins": true,
              "mop_without_write": false
            },
            "general_settings": {
              "java_mem": "-Xms1024M -Xmx4096M",
              "stt_date": "NOW",
              "up_ddate": "NOW",
              "tgt_os": "MSWL",
              "tgt_sh": "cmd",
              "validate_data_types": false,
              "validate_only": false,
              "fetch_size": 1000,
              "batch_max_rows": 20,
              "nr_of_committed_rows": 10000,
              "parameter_worm": true,
              "instruction_delay": false,
              "memory_reaper": false,
              "ORACLE_DATADIRECT": false,
              "ORACLE_TNSNAMES": "",
              "SQLSERVER_DATADIRECT": false,
              "SQLSERVER_DRIVER_1_1": true,
              "JTDS": false,
              "DB2_DATADIRECT": false,
              "encrypted_password": true,
              "change_processing_by_query": false
            },
            "advanced_settings": {
              "retain_stg_tables": false,
              "retain_imt_tables": false,
              "imt_tables_volatile": false,
              "write_etl_cmnds_to_db": false
            },
            "spark_settings": {
              "properties": {}
            }
          },
          "Using_Max_partitions_for_CDC": false,
          "Max_partitions_for_CDC": 0,
          "workflow_position": 1,
          "dwh_full_load": false,
          "dm_enable_table_logging": false,
          "allow_updating_to_null": true,
          "do_not_create_indexes": false,
          "CDC__delay": 0
        },
        "active_mappings": [
          36,
          37
        ],
        "entity_action": [],
        "etl_type": "DataWarehouse",
        "active_custom_etls": [],
        "task_Stage": "DataWarehouse",
        "id": 34,
        "name": "Landing",
        "version": 637525759418210000,
        "metadata": {
          "creation_time": 637525756718740000,
          "modification_time": 637525759418210000,
          "tags": [],
          "caller_role": "NONE"
        }
      },
      "tags": [],
      "software_version": 1
    },
    {
      "id": 35,
      "path": "/",
      "name": "Landing_CDC",
      "type": "ETLInfo",
      "creation_time": 0,
      "modification_time": 0,
      "inner_item": {
        "$type": "ETLInfoDto",
        "data": {
          "seqr_processing": false,
          "FULLREBUILD": false,
          "SELOFRUNS": 0,
          "EMPTYRUNNRSTABLE": true,
          "INSERTRUNNRSTABLE": true,
          "MAXCDC_COLUMNS": 10,
          "SPLITRELSANDATTS": false,
          "STOPAFTERSTAGING": false,
          "PARAM_RUNNR": "1",
          "dm_cohorts": [],
          "engine_settings": {
            "thread_connection_settings": {
              "thread_pool_size": 10,
              "thread_pool_max": 18,
              "thread_queue_max": 10000,
              "thread_timeout": 3000
            },
            "database_connection_settings": {
              "db_pool_size": 200,
              "db_reap_interval": 30000,
              "db_lease_timeout": 60000,
              "print_db_leases": false
            },
            "engine_logging_settings": {
              "log_level": "INFO",
              "log_file": "$project-path$\\$task-name$\\$task-name$_Log.log",
              "log_file_timestamp": true,
              "log_console": true,
              "log_stack_trace": false,
              "log_jdbc_driver_output": false,
              "log_mapping_fields": false,
              "log_mapping_values": false,
              "log_sync_provider_output": false,
              "log_prep_statmt_bindings": false,
              "log_dbms_leasing": false,
              "log_table_contents": false,
              "log_sql_monitor_output": false,
              "log_param_substitution": false,
              "log_mop_ids": false,
              "log_java_env": false,
              "log_mopping_state": false,
              "log_table_cache_rows": 20,
              "print_final_log": false,
              "print_dbms_info": false,
              "create_missing_tables": false
            },
            "mopping_thread_settings": {
              "mop_direct_write": false,
              "mop_thread_pool_size": 18,
              "mop_thread_pool_max": 18,
              "mop_thread_queue_max": 2500,
              "mop_thread_timeout": 3000,
              "mop_write_queue_max": 100,
              "mop_no_id_ledelins": true,
              "mop_without_write": false
            },
            "general_settings": {
              "java_mem": "-Xms1024M -Xmx4096M",
              "stt_date": "NOW",
              "up_ddate": "NOW",
              "tgt_os": "MSWL",
              "tgt_sh": "cmd",
              "validate_data_types": false,
              "validate_only": false,
              "fetch_size": 1000,
              "batch_max_rows": 20,
              "nr_of_committed_rows": 10000,
              "parameter_worm": true,
              "instruction_delay": false,
              "memory_reaper": false,
              "ORACLE_DATADIRECT": false,
              "ORACLE_TNSNAMES": "",
              "SQLSERVER_DATADIRECT": false,
              "SQLSERVER_DRIVER_1_1": true,
              "JTDS": false,
              "DB2_DATADIRECT": false,
              "encrypted_password": true,
              "change_processing_by_query": false
            },
            "advanced_settings": {
              "retain_stg_tables": false,
              "retain_imt_tables": false,
              "imt_tables_volatile": false,
              "write_etl_cmnds_to_db": false
            },
            "spark_settings": {
              "properties": {}
            }
          },
          "Using_Max_partitions_for_CDC": false,
          "Max_partitions_for_CDC": 0,
          "workflow_position": 1,
          "dwh_full_load": false,
          "dm_enable_table_logging": false,
          "allow_updating_to_null": true,
          "do_not_create_indexes": false,
          "CDC__delay": 0
        },
        "active_mappings": [
          36,
          37
        ],
        "entity_action": [
          {
            "handle_duplicates": true,
            "ext_load": false,
            "entity_id": 6
          },
          {
            "handle_duplicates": true,
            "ext_load": false,
            "entity_id": 18
          }
        ],
        "etl_type": "DataWarehouse_CDC",
        "active_custom_etls": [],
        "task_Stage": "DataWarehouse",
        "id": 35,
        "name": "Landing_CDC",
        "version": 637525758387490000,
        "metadata": {
          "creation_time": 637525756719060000,
          "modification_time": 637525758387490000,
          "tags": [],
          "caller_role": "NONE"
        }
      },
      "tags": [],
      "software_version": 1
    }
  ]
}